,CompressionDistanceMetric,LinearityMetric,LeniencyMetric,SolvabilityMetric,AveragePairWiseDistanceMetric,AveragePairWiseDistanceMetricOnlyPlayable,RLAgentMetric,RLDifficultyMetric,GenerationTime,Files
experiment_102_e_visual_diversity_gridsearch-Maze-DirectGA-a0fdcb25d3646cde58f103e03c9781ea,0.4942327246768917,0.20550274259977921,0.4129938569889006,0.6839999999999999,0.4848837353123067,0.3898546691403834,0.23304388072396426,0.4973939393939394,7.104357812738046,../results/experiments/experiment_102_e_visual_diversity_gridsearch/Maze/DirectGA/2021-09-29_12-17-33/50/50/0/True/True/1/seed_1_name_experiment_102_e_visual_diversity_gridsearch_2021-09-30_03-02-51.p|../results/experiments/experiment_102_e_visual_diversity_gridsearch/Maze/DirectGA/2021-09-29_12-17-33/50/50/0/True/True/3/seed_3_name_experiment_102_e_visual_diversity_gridsearch_2021-09-30_06-13-41.p|../results/experiments/experiment_102_e_visual_diversity_gridsearch/Maze/DirectGA/2021-09-29_12-17-33/50/50/0/True/True/0/seed_0_name_experiment_102_e_visual_diversity_gridsearch_2021-09-30_03-39-24.p|../results/experiments/experiment_102_e_visual_diversity_gridsearch/Maze/DirectGA/2021-09-29_12-17-33/50/50/0/True/True/2/seed_2_name_experiment_102_e_visual_diversity_gridsearch_2021-09-30_03-43-07.p|../results/experiments/experiment_102_e_visual_diversity_gridsearch/Maze/DirectGA/2021-09-29_12-17-33/50/50/0/True/True/4/seed_4_name_experiment_102_e_visual_diversity_gridsearch_2021-09-30_06-29-36.p
experiment_102_e_visual_diversity_gridsearch-Maze-DirectGA-bb8e2a0099df62656ee41df1538a8f08,0.495537318023984,0.07308369506745138,0.05338722541728992,0.084,0.49295258709544426,0.3024384662956091,0.2280133910538884,0.9415151515151514,7.045278949593194,../results/experiments/experiment_102_e_visual_diversity_gridsearch/Maze/DirectGA/2021-09-29_12-17-33/50/50/0.5/True/True/1/seed_1_name_experiment_102_e_visual_diversity_gridsearch_2021-10-01_11-58-30.p|../results/experiments/experiment_102_e_visual_diversity_gridsearch/Maze/DirectGA/2021-09-29_12-17-33/50/50/0.5/True/True/3/seed_3_name_experiment_102_e_visual_diversity_gridsearch_2021-10-01_11-54-59.p|../results/experiments/experiment_102_e_visual_diversity_gridsearch/Maze/DirectGA/2021-09-29_12-17-33/50/50/0.5/True/True/0/seed_0_name_experiment_102_e_visual_diversity_gridsearch_2021-10-01_08-53-42.p|../results/experiments/experiment_102_e_visual_diversity_gridsearch/Maze/DirectGA/2021-09-29_12-17-33/50/50/0.5/True/True/2/seed_2_name_experiment_102_e_visual_diversity_gridsearch_2021-10-01_13-41-51.p|../results/experiments/experiment_102_e_visual_diversity_gridsearch/Maze/DirectGA/2021-09-29_12-17-33/50/50/0.5/True/True/4/seed_4_name_experiment_102_e_visual_diversity_gridsearch_2021-10-01_14-55-47.p
experiment_102_e_visual_diversity_gridsearch-Maze-DirectGA-a042a7e6ed47b47415fed9f5febbe1a7,0.4936063850279949,0.2542221875839068,0.5462021432130746,0.922,0.4844683570397856,0.4217876726448154,0.14675976950145234,0.3205454545454546,15.671924983806907,../results/experiments/experiment_102_e_visual_diversity_gridsearch/Maze/DirectGA/2021-09-29_12-17-33/50/100/0/True/True/1/seed_1_name_experiment_102_e_visual_diversity_gridsearch_2021-09-30_04-14-41.p|../results/experiments/experiment_102_e_visual_diversity_gridsearch/Maze/DirectGA/2021-09-29_12-17-33/50/100/0/True/True/3/seed_3_name_experiment_102_e_visual_diversity_gridsearch_2021-09-30_04-49-26.p|../results/experiments/experiment_102_e_visual_diversity_gridsearch/Maze/DirectGA/2021-09-29_12-17-33/50/100/0/True/True/0/seed_0_name_experiment_102_e_visual_diversity_gridsearch_2021-09-30_03-23-32.p|../results/experiments/experiment_102_e_visual_diversity_gridsearch/Maze/DirectGA/2021-09-29_12-17-33/50/100/0/True/True/2/seed_2_name_experiment_102_e_visual_diversity_gridsearch_2021-09-30_03-02-27.p|../results/experiments/experiment_102_e_visual_diversity_gridsearch/Maze/DirectGA/2021-09-29_12-17-33/50/100/0/True/True/4/seed_4_name_experiment_102_e_visual_diversity_gridsearch_2021-09-30_05-48-25.p
experiment_102_e_visual_diversity_gridsearch-Maze-DirectGA-b5aafae53c53e17c3d39f477d9b93646,0.4951074581260193,0.07880188210973478,0.05278876034866222,0.078,0.49285075242218096,0.302417439703154,0.2325420984129661,0.9457575757575757,15.605518450434321,../results/experiments/experiment_102_e_visual_diversity_gridsearch/Maze/DirectGA/2021-09-29_12-17-33/50/100/0.5/True/True/1/seed_1_name_experiment_102_e_visual_diversity_gridsearch_2021-10-01_17-47-37.p|../results/experiments/experiment_102_e_visual_diversity_gridsearch/Maze/DirectGA/2021-09-29_12-17-33/50/100/0.5/True/True/3/seed_3_name_experiment_102_e_visual_diversity_gridsearch_2021-10-01_15-55-58.p|../results/experiments/experiment_102_e_visual_diversity_gridsearch/Maze/DirectGA/2021-09-29_12-17-33/50/100/0.5/True/True/0/seed_0_name_experiment_102_e_visual_diversity_gridsearch_2021-10-01_17-24-43.p|../results/experiments/experiment_102_e_visual_diversity_gridsearch/Maze/DirectGA/2021-09-29_12-17-33/50/100/0.5/True/True/2/seed_2_name_experiment_102_e_visual_diversity_gridsearch_2021-10-01_18-39-51.p|../results/experiments/experiment_102_e_visual_diversity_gridsearch/Maze/DirectGA/2021-09-29_12-17-33/50/100/0.5/True/True/4/seed_4_name_experiment_102_e_visual_diversity_gridsearch_2021-10-01_17-52-36.p
experiment_102_e_visual_diversity_gridsearch-Maze-DirectGA-5c862c42ea814a0b034d1ca6721cbe96,0.4955298304605636,0.11981251080930022,0.1653676822133796,0.274,0.47454854669140384,0.2329692846835704,0.20477940234855646,0.800121212121212,1.2867204151060432,../results/experiments/experiment_102_e_visual_diversity_gridsearch/Maze/DirectGA/2021-09-29_12-17-33/50/10/0/True/True/1/seed_1_name_experiment_102_e_visual_diversity_gridsearch_2021-09-30_06-31-11.p|../results/experiments/experiment_102_e_visual_diversity_gridsearch/Maze/DirectGA/2021-09-29_12-17-33/50/10/0/True/True/3/seed_3_name_experiment_102_e_visual_diversity_gridsearch_2021-09-30_08-51-01.p|../results/experiments/experiment_102_e_visual_diversity_gridsearch/Maze/DirectGA/2021-09-29_12-17-33/50/10/0/True/True/0/seed_0_name_experiment_102_e_visual_diversity_gridsearch_2021-09-30_06-49-40.p|../results/experiments/experiment_102_e_visual_diversity_gridsearch/Maze/DirectGA/2021-09-29_12-17-33/50/10/0/True/True/2/seed_2_name_experiment_102_e_visual_diversity_gridsearch_2021-09-30_02-05-57.p|../results/experiments/experiment_102_e_visual_diversity_gridsearch/Maze/DirectGA/2021-09-29_12-17-33/50/10/0/True/True/4/seed_4_name_experiment_102_e_visual_diversity_gridsearch_2021-09-30_08-45-09.p
experiment_102_e_visual_diversity_gridsearch-Maze-DirectGA-238314024e629945d7d7817c2cd06c3f,0.49386736423804783,0.09536507704414673,0.08429677900987789,0.13799999999999998,0.46840115440115443,0.2877645846217275,0.22122984629359807,0.8986464646464645,1.3093921138858424,../results/experiments/experiment_102_e_visual_diversity_gridsearch/Maze/DirectGA/2021-09-29_12-17-33/50/10/0.5/True/True/1/seed_1_name_experiment_102_e_visual_diversity_gridsearch_2021-10-01_08-54-29.p|../results/experiments/experiment_102_e_visual_diversity_gridsearch/Maze/DirectGA/2021-09-29_12-17-33/50/10/0.5/True/True/3/seed_3_name_experiment_102_e_visual_diversity_gridsearch_2021-10-01_06-40-08.p|../results/experiments/experiment_102_e_visual_diversity_gridsearch/Maze/DirectGA/2021-09-29_12-17-33/50/10/0.5/True/True/0/seed_0_name_experiment_102_e_visual_diversity_gridsearch_2021-10-01_08-21-52.p|../results/experiments/experiment_102_e_visual_diversity_gridsearch/Maze/DirectGA/2021-09-29_12-17-33/50/10/0.5/True/True/2/seed_2_name_experiment_102_e_visual_diversity_gridsearch_2021-10-01_07-21-30.p|../results/experiments/experiment_102_e_visual_diversity_gridsearch/Maze/DirectGA/2021-09-29_12-17-33/50/10/0.5/True/True/4/seed_4_name_experiment_102_e_visual_diversity_gridsearch_2021-10-01_08-02-29.p
experiment_102_e_visual_diversity_gridsearch-Maze-DirectGA-2bd6d55e2a16dce1c95f4f38114d8943,0.49393232882192706,0.2236892484957767,0.48048783365345776,0.8,0.47100164914450626,0.40246712018140585,0.19762632778346748,0.41571717171717176,15.960827586219647,../results/experiments/experiment_102_e_visual_diversity_gridsearch/Maze/DirectGA/2021-09-29_12-17-33/100/50/0/True/True/1/seed_1_name_experiment_102_e_visual_diversity_gridsearch_2021-09-30_10-08-20.p|../results/experiments/experiment_102_e_visual_diversity_gridsearch/Maze/DirectGA/2021-09-29_12-17-33/100/50/0/True/True/3/seed_3_name_experiment_102_e_visual_diversity_gridsearch_2021-09-30_10-39-04.p|../results/experiments/experiment_102_e_visual_diversity_gridsearch/Maze/DirectGA/2021-09-29_12-17-33/100/50/0/True/True/0/seed_0_name_experiment_102_e_visual_diversity_gridsearch_2021-09-30_10-24-28.p|../results/experiments/experiment_102_e_visual_diversity_gridsearch/Maze/DirectGA/2021-09-29_12-17-33/100/50/0/True/True/2/seed_2_name_experiment_102_e_visual_diversity_gridsearch_2021-09-30_07-45-02.p|../results/experiments/experiment_102_e_visual_diversity_gridsearch/Maze/DirectGA/2021-09-29_12-17-33/100/50/0/True/True/4/seed_4_name_experiment_102_e_visual_diversity_gridsearch_2021-09-30_10-06-11.p
experiment_102_e_visual_diversity_gridsearch-Maze-DirectGA-23ee148a3c5c8a1c01b0847925c043c5,0.49525685269013425,0.0716901058273093,0.04439269642936751,0.072,0.4920960626674913,0.3060756545042259,0.23310410945559448,0.9503030303030304,15.903408569525928,../results/experiments/experiment_102_e_visual_diversity_gridsearch/Maze/DirectGA/2021-09-29_12-17-33/100/50/0.5/True/True/1/seed_1_name_experiment_102_e_visual_diversity_gridsearch_2021-10-02_01-33-51.p|../results/experiments/experiment_102_e_visual_diversity_gridsearch/Maze/DirectGA/2021-09-29_12-17-33/100/50/0.5/True/True/3/seed_3_name_experiment_102_e_visual_diversity_gridsearch_2021-10-02_01-53-30.p|../results/experiments/experiment_102_e_visual_diversity_gridsearch/Maze/DirectGA/2021-09-29_12-17-33/100/50/0.5/True/True/0/seed_0_name_experiment_102_e_visual_diversity_gridsearch_2021-10-02_00-18-46.p|../results/experiments/experiment_102_e_visual_diversity_gridsearch/Maze/DirectGA/2021-09-29_12-17-33/100/50/0.5/True/True/2/seed_2_name_experiment_102_e_visual_diversity_gridsearch_2021-10-02_03-28-42.p|../results/experiments/experiment_102_e_visual_diversity_gridsearch/Maze/DirectGA/2021-09-29_12-17-33/100/50/0.5/True/True/4/seed_4_name_experiment_102_e_visual_diversity_gridsearch_2021-10-02_03-40-43.p
experiment_102_e_visual_diversity_gridsearch-Maze-DirectGA-7085d9a8ba8704c1c805b68e2a37564b,0.49314905459221786,0.22067405963169567,0.5357960209461101,0.9099999999999999,0.4783055040197898,0.4289507318078747,0.15674042916746841,0.34624242424242424,34.70597550493386,../results/experiments/experiment_102_e_visual_diversity_gridsearch/Maze/DirectGA/2021-09-29_12-17-33/100/100/0/True/True/1/seed_1_name_experiment_102_e_visual_diversity_gridsearch_2021-09-30_09-56-23.p|../results/experiments/experiment_102_e_visual_diversity_gridsearch/Maze/DirectGA/2021-09-29_12-17-33/100/100/0/True/True/3/seed_3_name_experiment_102_e_visual_diversity_gridsearch_2021-09-30_11-26-36.p|../results/experiments/experiment_102_e_visual_diversity_gridsearch/Maze/DirectGA/2021-09-29_12-17-33/100/100/0/True/True/0/seed_0_name_experiment_102_e_visual_diversity_gridsearch_2021-09-30_09-34-31.p|../results/experiments/experiment_102_e_visual_diversity_gridsearch/Maze/DirectGA/2021-09-29_12-17-33/100/100/0/True/True/2/seed_2_name_experiment_102_e_visual_diversity_gridsearch_2021-09-30_10-53-32.p|../results/experiments/experiment_102_e_visual_diversity_gridsearch/Maze/DirectGA/2021-09-29_12-17-33/100/100/0/True/True/4/seed_4_name_experiment_102_e_visual_diversity_gridsearch_2021-09-30_12-53-37.p
experiment_102_e_visual_diversity_gridsearch-Maze-DirectGA-f7ff8eca9623ff4dff91fab2f2d76a5b,0.4941500093157599,0.07204705820103541,0.039473068100446235,0.048,0.4930395794681509,0.3060847247990105,0.23504940301388194,0.9669494949494949,35.0525391953839,../results/experiments/experiment_102_e_visual_diversity_gridsearch/Maze/DirectGA/2021-09-29_12-17-33/100/100/0.5/True/True/1/seed_1_name_experiment_102_e_visual_diversity_gridsearch_2021-10-02_04-57-20.p|../results/experiments/experiment_102_e_visual_diversity_gridsearch/Maze/DirectGA/2021-09-29_12-17-33/100/100/0.5/True/True/3/seed_3_name_experiment_102_e_visual_diversity_gridsearch_2021-10-02_04-10-08.p|../results/experiments/experiment_102_e_visual_diversity_gridsearch/Maze/DirectGA/2021-09-29_12-17-33/100/100/0.5/True/True/0/seed_0_name_experiment_102_e_visual_diversity_gridsearch_2021-10-02_05-30-13.p|../results/experiments/experiment_102_e_visual_diversity_gridsearch/Maze/DirectGA/2021-09-29_12-17-33/100/100/0.5/True/True/2/seed_2_name_experiment_102_e_visual_diversity_gridsearch_2021-10-02_06-37-11.p|../results/experiments/experiment_102_e_visual_diversity_gridsearch/Maze/DirectGA/2021-09-29_12-17-33/100/100/0.5/True/True/4/seed_4_name_experiment_102_e_visual_diversity_gridsearch_2021-10-02_05-19-16.p
experiment_102_e_visual_diversity_gridsearch-Maze-DirectGA-dce8ac13c8db706023e38a2b3eb02aa4,0.49233995881569337,0.14379566344791866,0.23951681520896112,0.406,0.4551853226138941,0.27523500309214594,0.21726187710775288,0.7037777777777778,3.00102609170787,../results/experiments/experiment_102_e_visual_diversity_gridsearch/Maze/DirectGA/2021-09-29_12-17-33/100/10/0/True/True/1/seed_1_name_experiment_102_e_visual_diversity_gridsearch_2021-09-30_12-18-50.p|../results/experiments/experiment_102_e_visual_diversity_gridsearch/Maze/DirectGA/2021-09-29_12-17-33/100/10/0/True/True/3/seed_3_name_experiment_102_e_visual_diversity_gridsearch_2021-09-30_15-33-55.p|../results/experiments/experiment_102_e_visual_diversity_gridsearch/Maze/DirectGA/2021-09-29_12-17-33/100/10/0/True/True/0/seed_0_name_experiment_102_e_visual_diversity_gridsearch_2021-09-30_14-41-56.p|../results/experiments/experiment_102_e_visual_diversity_gridsearch/Maze/DirectGA/2021-09-29_12-17-33/100/10/0/True/True/2/seed_2_name_experiment_102_e_visual_diversity_gridsearch_2021-09-30_05-53-26.p|../results/experiments/experiment_102_e_visual_diversity_gridsearch/Maze/DirectGA/2021-09-29_12-17-33/100/10/0/True/True/4/seed_4_name_experiment_102_e_visual_diversity_gridsearch_2021-09-30_15-28-02.p
experiment_102_e_visual_diversity_gridsearch-Maze-DirectGA-8f281cbe2d2bc0ffeba75cddebb8f522,0.49424743441693286,0.09221842314433155,0.07078310301895423,0.11800000000000002,0.45777551020408164,0.27598021026592456,0.21075292586683658,0.9143030303030303,2.980554953579791,../results/experiments/experiment_102_e_visual_diversity_gridsearch/Maze/DirectGA/2021-09-29_12-17-33/100/10/0.5/True/True/1/seed_1_name_experiment_102_e_visual_diversity_gridsearch_2021-10-01_20-18-37.p|../results/experiments/experiment_102_e_visual_diversity_gridsearch/Maze/DirectGA/2021-09-29_12-17-33/100/10/0.5/True/True/3/seed_3_name_experiment_102_e_visual_diversity_gridsearch_2021-10-01_19-27-26.p|../results/experiments/experiment_102_e_visual_diversity_gridsearch/Maze/DirectGA/2021-09-29_12-17-33/100/10/0.5/True/True/0/seed_0_name_experiment_102_e_visual_diversity_gridsearch_2021-10-01_18-17-37.p|../results/experiments/experiment_102_e_visual_diversity_gridsearch/Maze/DirectGA/2021-09-29_12-17-33/100/10/0.5/True/True/2/seed_2_name_experiment_102_e_visual_diversity_gridsearch_2021-10-01_18-51-49.p|../results/experiments/experiment_102_e_visual_diversity_gridsearch/Maze/DirectGA/2021-09-29_12-17-33/100/10/0.5/True/True/4/seed_4_name_experiment_102_e_visual_diversity_gridsearch_2021-10-01_21-18-39.p
experiment_102_e_visual_diversity_gridsearch-Maze-DirectGA-660fd82a45c32cf30d834019f5d741bd,0.49538474653783204,0.1837783697635959,0.30141180103614695,0.5,0.4923632240775098,0.3315017522160379,0.25524878737394674,0.6343232323232323,1.3164283341942355,../results/experiments/experiment_102_e_visual_diversity_gridsearch/Maze/DirectGA/2021-09-29_12-17-33/10/50/0/True/True/1/seed_1_name_experiment_102_e_visual_diversity_gridsearch_2021-09-29_19-10-44.p|../results/experiments/experiment_102_e_visual_diversity_gridsearch/Maze/DirectGA/2021-09-29_12-17-33/10/50/0/True/True/3/seed_3_name_experiment_102_e_visual_diversity_gridsearch_2021-09-29_20-20-02.p|../results/experiments/experiment_102_e_visual_diversity_gridsearch/Maze/DirectGA/2021-09-29_12-17-33/10/50/0/True/True/0/seed_0_name_experiment_102_e_visual_diversity_gridsearch_2021-09-29_20-03-56.p|../results/experiments/experiment_102_e_visual_diversity_gridsearch/Maze/DirectGA/2021-09-29_12-17-33/10/50/0/True/True/2/seed_2_name_experiment_102_e_visual_diversity_gridsearch_2021-09-29_18-35-45.p|../results/experiments/experiment_102_e_visual_diversity_gridsearch/Maze/DirectGA/2021-09-29_12-17-33/10/50/0/True/True/4/seed_4_name_experiment_102_e_visual_diversity_gridsearch_2021-09-29_20-14-22.p
experiment_102_e_visual_diversity_gridsearch-Maze-DirectGA-ad74b104e5644dcc6de2da0caa6f997f,0.49595908104013553,0.08669266030540629,0.08697653488375592,0.146,0.4935908060193775,0.30262585034013606,0.2324597578789803,0.8983838383838384,1.302771810643375,../results/experiments/experiment_102_e_visual_diversity_gridsearch/Maze/DirectGA/2021-09-29_12-17-33/10/50/0.5/True/True/1/seed_1_name_experiment_102_e_visual_diversity_gridsearch_2021-09-30_20-59-38.p|../results/experiments/experiment_102_e_visual_diversity_gridsearch/Maze/DirectGA/2021-09-29_12-17-33/10/50/0.5/True/True/3/seed_3_name_experiment_102_e_visual_diversity_gridsearch_2021-09-30_22-45-34.p|../results/experiments/experiment_102_e_visual_diversity_gridsearch/Maze/DirectGA/2021-09-29_12-17-33/10/50/0.5/True/True/0/seed_0_name_experiment_102_e_visual_diversity_gridsearch_2021-09-30_20-52-28.p|../results/experiments/experiment_102_e_visual_diversity_gridsearch/Maze/DirectGA/2021-09-29_12-17-33/10/50/0.5/True/True/2/seed_2_name_experiment_102_e_visual_diversity_gridsearch_2021-09-30_22-19-53.p|../results/experiments/experiment_102_e_visual_diversity_gridsearch/Maze/DirectGA/2021-09-29_12-17-33/10/50/0.5/True/True/4/seed_4_name_experiment_102_e_visual_diversity_gridsearch_2021-10-01_00-25-38.p
experiment_102_e_visual_diversity_gridsearch-Maze-DirectGA-8324ba33dc1021abd606ea0552e54af5,0.4941764668569547,0.22413519153810083,0.41932536309317464,0.692,0.4892261389404247,0.3863141620284477,0.23148708806502677,0.4892929292929293,2.893190771611408,../results/experiments/experiment_102_e_visual_diversity_gridsearch/Maze/DirectGA/2021-09-29_12-17-33/10/100/0/True/True/1/seed_1_name_experiment_102_e_visual_diversity_gridsearch_2021-09-29_16-35-26.p|../results/experiments/experiment_102_e_visual_diversity_gridsearch/Maze/DirectGA/2021-09-29_12-17-33/10/100/0/True/True/3/seed_3_name_experiment_102_e_visual_diversity_gridsearch_2021-09-29_23-27-01.p|../results/experiments/experiment_102_e_visual_diversity_gridsearch/Maze/DirectGA/2021-09-29_12-17-33/10/100/0/True/True/0/seed_0_name_experiment_102_e_visual_diversity_gridsearch_2021-09-29_17-44-01.p|../results/experiments/experiment_102_e_visual_diversity_gridsearch/Maze/DirectGA/2021-09-29_12-17-33/10/100/0/True/True/2/seed_2_name_experiment_102_e_visual_diversity_gridsearch_2021-09-29_20-44-08.p|../results/experiments/experiment_102_e_visual_diversity_gridsearch/Maze/DirectGA/2021-09-29_12-17-33/10/100/0/True/True/4/seed_4_name_experiment_102_e_visual_diversity_gridsearch_2021-09-29_22-50-22.p
experiment_102_e_visual_diversity_gridsearch-Maze-DirectGA-4183d1173ab7d7c755c2bf3a5d28b872,0.49610048548076396,0.0705067786360592,0.05425487716163645,0.08199999999999999,0.4931900639043496,0.2988703360131931,0.2266558625642059,0.9423636363636364,2.8673495511002836,../results/experiments/experiment_102_e_visual_diversity_gridsearch/Maze/DirectGA/2021-09-29_12-17-33/10/100/0.5/True/True/1/seed_1_name_experiment_102_e_visual_diversity_gridsearch_2021-10-01_02-25-00.p|../results/experiments/experiment_102_e_visual_diversity_gridsearch/Maze/DirectGA/2021-09-29_12-17-33/10/100/0.5/True/True/3/seed_3_name_experiment_102_e_visual_diversity_gridsearch_2021-10-01_05-08-26.p|../results/experiments/experiment_102_e_visual_diversity_gridsearch/Maze/DirectGA/2021-09-29_12-17-33/10/100/0.5/True/True/0/seed_0_name_experiment_102_e_visual_diversity_gridsearch_2021-10-01_02-30-01.p|../results/experiments/experiment_102_e_visual_diversity_gridsearch/Maze/DirectGA/2021-09-29_12-17-33/10/100/0.5/True/True/2/seed_2_name_experiment_102_e_visual_diversity_gridsearch_2021-10-01_07-02-45.p|../results/experiments/experiment_102_e_visual_diversity_gridsearch/Maze/DirectGA/2021-09-29_12-17-33/10/100/0.5/True/True/4/seed_4_name_experiment_102_e_visual_diversity_gridsearch_2021-10-01_07-04-33.p
experiment_102_e_visual_diversity_gridsearch-Maze-DirectGA-5e4a13d44e6e05e9ebd78747aa9bcc18,0.49400925909219806,0.09702775276553949,0.08372745359254477,0.14400000000000002,0.48575200989486705,0.17494537208822922,0.17481483435908837,0.8961010101010102,0.25398325665853916,../results/experiments/experiment_102_e_visual_diversity_gridsearch/Maze/DirectGA/2021-09-29_12-17-33/10/10/0/True/True/1/seed_1_name_experiment_102_e_visual_diversity_gridsearch_2021-09-30_00-14-00.p|../results/experiments/experiment_102_e_visual_diversity_gridsearch/Maze/DirectGA/2021-09-29_12-17-33/10/10/0/True/True/3/seed_3_name_experiment_102_e_visual_diversity_gridsearch_2021-09-30_02-02-48.p|../results/experiments/experiment_102_e_visual_diversity_gridsearch/Maze/DirectGA/2021-09-29_12-17-33/10/10/0/True/True/0/seed_0_name_experiment_102_e_visual_diversity_gridsearch_2021-09-30_01-34-23.p|../results/experiments/experiment_102_e_visual_diversity_gridsearch/Maze/DirectGA/2021-09-29_12-17-33/10/10/0/True/True/2/seed_2_name_experiment_102_e_visual_diversity_gridsearch_2021-09-29_22-16-43.p|../results/experiments/experiment_102_e_visual_diversity_gridsearch/Maze/DirectGA/2021-09-29_12-17-33/10/10/0/True/True/4/seed_4_name_experiment_102_e_visual_diversity_gridsearch_2021-09-30_01-19-30.p
experiment_102_e_visual_diversity_gridsearch-Maze-DirectGA-78a3b4fcafa5ba885b21dd67f4e1ad98,0.495570739387888,0.09184122992091653,0.04906790208027613,0.082,0.4746190476190476,0.19668212739641314,0.16835912302502717,0.9399797979797979,0.23567865485139192,../results/experiments/experiment_102_e_visual_diversity_gridsearch/Maze/DirectGA/2021-09-29_12-17-33/10/10/0.5/True/True/1/seed_1_name_experiment_102_e_visual_diversity_gridsearch_2021-09-30_23-05-25.p|../results/experiments/experiment_102_e_visual_diversity_gridsearch/Maze/DirectGA/2021-09-29_12-17-33/10/10/0.5/True/True/3/seed_3_name_experiment_102_e_visual_diversity_gridsearch_2021-09-30_21-11-36.p|../results/experiments/experiment_102_e_visual_diversity_gridsearch/Maze/DirectGA/2021-09-29_12-17-33/10/10/0.5/True/True/0/seed_0_name_experiment_102_e_visual_diversity_gridsearch_2021-09-30_20-27-26.p|../results/experiments/experiment_102_e_visual_diversity_gridsearch/Maze/DirectGA/2021-09-29_12-17-33/10/10/0.5/True/True/2/seed_2_name_experiment_102_e_visual_diversity_gridsearch_2021-09-30_21-43-45.p|../results/experiments/experiment_102_e_visual_diversity_gridsearch/Maze/DirectGA/2021-09-29_12-17-33/10/10/0.5/True/True/4/seed_4_name_experiment_102_e_visual_diversity_gridsearch_2021-09-30_22-20-54.p
experiment_102_e_visual_diversity_gridsearch-Maze-DirectGA-0c2b5a5e37b073b15afa2fc153c26927,0.4940095647474937,0.19659484775139802,0.38587925083380215,0.652,0.4866664605236034,0.36654937126365694,0.23932116402116402,0.5181010101010102,2.8452431330792605,../results/experiments/experiment_102_e_visual_diversity_gridsearch/Maze/DirectGA/2021-10-02_07-26-46/50/50/1/True/True/1/seed_1_name_experiment_102_e_visual_diversity_gridsearch_2021-10-02_15-16-20.p|../results/experiments/experiment_102_e_visual_diversity_gridsearch/Maze/DirectGA/2021-10-02_07-26-46/50/50/1/True/True/3/seed_3_name_experiment_102_e_visual_diversity_gridsearch_2021-10-02_15-29-13.p|../results/experiments/experiment_102_e_visual_diversity_gridsearch/Maze/DirectGA/2021-10-02_07-26-46/50/50/1/True/True/0/seed_0_name_experiment_102_e_visual_diversity_gridsearch_2021-10-02_15-39-59.p|../results/experiments/experiment_102_e_visual_diversity_gridsearch/Maze/DirectGA/2021-10-02_07-26-46/50/50/1/True/True/2/seed_2_name_experiment_102_e_visual_diversity_gridsearch_2021-10-02_14-33-38.p|../results/experiments/experiment_102_e_visual_diversity_gridsearch/Maze/DirectGA/2021-10-02_07-26-46/50/50/1/True/True/4/seed_4_name_experiment_102_e_visual_diversity_gridsearch_2021-10-02_15-15-02.p
experiment_102_e_visual_diversity_gridsearch-Maze-DirectGA-ec46444c9eae1cdb6519385bcac3ce33,0.4942436150576886,0.2378021762132687,0.5175312602158032,0.8619999999999999,0.4872195423623995,0.41385013399299114,0.17964367484367486,0.36446464646464644,6.352214016526006,../results/experiments/experiment_102_e_visual_diversity_gridsearch/Maze/DirectGA/2021-10-02_07-26-46/50/100/1/True/True/1/seed_1_name_experiment_102_e_visual_diversity_gridsearch_2021-10-02_14-38-32.p|../results/experiments/experiment_102_e_visual_diversity_gridsearch/Maze/DirectGA/2021-10-02_07-26-46/50/100/1/True/True/3/seed_3_name_experiment_102_e_visual_diversity_gridsearch_2021-10-02_15-49-06.p|../results/experiments/experiment_102_e_visual_diversity_gridsearch/Maze/DirectGA/2021-10-02_07-26-46/50/100/1/True/True/0/seed_0_name_experiment_102_e_visual_diversity_gridsearch_2021-10-02_14-41-42.p|../results/experiments/experiment_102_e_visual_diversity_gridsearch/Maze/DirectGA/2021-10-02_07-26-46/50/100/1/True/True/2/seed_2_name_experiment_102_e_visual_diversity_gridsearch_2021-10-02_14-48-02.p|../results/experiments/experiment_102_e_visual_diversity_gridsearch/Maze/DirectGA/2021-10-02_07-26-46/50/100/1/True/True/4/seed_4_name_experiment_102_e_visual_diversity_gridsearch_2021-10-02_15-50-48.p
experiment_102_e_visual_diversity_gridsearch-Maze-DirectGA-aff75ac020f51337f436d3f8d6e35b6d,0.49342353295764274,0.1290845000204843,0.12855387470245977,0.21600000000000003,0.47678787878787876,0.17419191919191918,0.17978826358826358,0.8398787878787879,0.5459696511812508,../results/experiments/experiment_102_e_visual_diversity_gridsearch/Maze/DirectGA/2021-10-02_07-26-46/50/10/1/True/True/1/seed_1_name_experiment_102_e_visual_diversity_gridsearch_2021-10-02_15-56-13.p|../results/experiments/experiment_102_e_visual_diversity_gridsearch/Maze/DirectGA/2021-10-02_07-26-46/50/10/1/True/True/3/seed_3_name_experiment_102_e_visual_diversity_gridsearch_2021-10-02_16-47-33.p|../results/experiments/experiment_102_e_visual_diversity_gridsearch/Maze/DirectGA/2021-10-02_07-26-46/50/10/1/True/True/0/seed_0_name_experiment_102_e_visual_diversity_gridsearch_2021-10-02_15-55-15.p|../results/experiments/experiment_102_e_visual_diversity_gridsearch/Maze/DirectGA/2021-10-02_07-26-46/50/10/1/True/True/2/seed_2_name_experiment_102_e_visual_diversity_gridsearch_2021-10-02_13-40-23.p|../results/experiments/experiment_102_e_visual_diversity_gridsearch/Maze/DirectGA/2021-10-02_07-26-46/50/10/1/True/True/4/seed_4_name_experiment_102_e_visual_diversity_gridsearch_2021-10-02_17-24-22.p
experiment_102_e_visual_diversity_gridsearch-Maze-DirectGA-4e0a6856ab710d45de4ca6ca893406b5,0.4926726473534761,0.2140798267205554,0.4129468698540899,0.694,0.47479736136878997,0.36250216450216455,0.224843771043771,0.48824242424242426,6.444046169090086,../results/experiments/experiment_102_e_visual_diversity_gridsearch/Maze/DirectGA/2021-10-02_07-26-46/100/50/1/True/True/1/seed_1_name_experiment_102_e_visual_diversity_gridsearch_2021-10-02_17-47-59.p|../results/experiments/experiment_102_e_visual_diversity_gridsearch/Maze/DirectGA/2021-10-02_07-26-46/100/50/1/True/True/3/seed_3_name_experiment_102_e_visual_diversity_gridsearch_2021-10-02_18-27-49.p|../results/experiments/experiment_102_e_visual_diversity_gridsearch/Maze/DirectGA/2021-10-02_07-26-46/100/50/1/True/True/0/seed_0_name_experiment_102_e_visual_diversity_gridsearch_2021-10-02_18-12-18.p|../results/experiments/experiment_102_e_visual_diversity_gridsearch/Maze/DirectGA/2021-10-02_07-26-46/100/50/1/True/True/2/seed_2_name_experiment_102_e_visual_diversity_gridsearch_2021-10-02_16-31-26.p|../results/experiments/experiment_102_e_visual_diversity_gridsearch/Maze/DirectGA/2021-10-02_07-26-46/100/50/1/True/True/4/seed_4_name_experiment_102_e_visual_diversity_gridsearch_2021-10-02_18-26-55.p
experiment_102_e_visual_diversity_gridsearch-Maze-DirectGA-4ac1cf373a0a125d5f0063880f2d4007,0.492959298990264,0.2492566982074326,0.5258697922785647,0.876,0.47570892599464026,0.4056489383632241,0.17476214526214529,0.34824242424242424,13.816654531824401,../results/experiments/experiment_102_e_visual_diversity_gridsearch/Maze/DirectGA/2021-10-02_07-26-46/100/100/1/True/True/1/seed_1_name_experiment_102_e_visual_diversity_gridsearch_2021-10-02_17-52-27.p|../results/experiments/experiment_102_e_visual_diversity_gridsearch/Maze/DirectGA/2021-10-02_07-26-46/100/100/1/True/True/3/seed_3_name_experiment_102_e_visual_diversity_gridsearch_2021-10-02_18-57-39.p|../results/experiments/experiment_102_e_visual_diversity_gridsearch/Maze/DirectGA/2021-10-02_07-26-46/100/100/1/True/True/0/seed_0_name_experiment_102_e_visual_diversity_gridsearch_2021-10-02_17-31-19.p|../results/experiments/experiment_102_e_visual_diversity_gridsearch/Maze/DirectGA/2021-10-02_07-26-46/100/100/1/True/True/2/seed_2_name_experiment_102_e_visual_diversity_gridsearch_2021-10-02_17-27-52.p|../results/experiments/experiment_102_e_visual_diversity_gridsearch/Maze/DirectGA/2021-10-02_07-26-46/100/100/1/True/True/4/seed_4_name_experiment_102_e_visual_diversity_gridsearch_2021-10-02_18-55-41.p
experiment_102_e_visual_diversity_gridsearch-Maze-DirectGA-51433ef6ec016669d2c54e97ba23fae1,0.4946887036256539,0.16187945022822972,0.19375281193168253,0.328,0.46056668728097294,0.21573984745413316,0.1990867243867244,0.7547474747474748,1.2272003419436515,../results/experiments/experiment_102_e_visual_diversity_gridsearch/Maze/DirectGA/2021-10-02_07-26-46/100/10/1/True/True/1/seed_1_name_experiment_102_e_visual_diversity_gridsearch_2021-10-02_18-38-23.p|../results/experiments/experiment_102_e_visual_diversity_gridsearch/Maze/DirectGA/2021-10-02_07-26-46/100/10/1/True/True/3/seed_3_name_experiment_102_e_visual_diversity_gridsearch_2021-10-02_20-07-15.p|../results/experiments/experiment_102_e_visual_diversity_gridsearch/Maze/DirectGA/2021-10-02_07-26-46/100/10/1/True/True/0/seed_0_name_experiment_102_e_visual_diversity_gridsearch_2021-10-02_19-21-19.p|../results/experiments/experiment_102_e_visual_diversity_gridsearch/Maze/DirectGA/2021-10-02_07-26-46/100/10/1/True/True/2/seed_2_name_experiment_102_e_visual_diversity_gridsearch_2021-10-02_16-32-25.p|../results/experiments/experiment_102_e_visual_diversity_gridsearch/Maze/DirectGA/2021-10-02_07-26-46/100/10/1/True/True/4/seed_4_name_experiment_102_e_visual_diversity_gridsearch_2021-10-02_20-24-27.p
experiment_102_e_visual_diversity_gridsearch-Maze-DirectGA-c65d417a111f685603124f3a0e5caf76,0.4942030683841442,0.17018626437502657,0.2592811107164178,0.42800000000000005,0.49352092352092347,0.2869546485260771,0.24981625781625785,0.680969696969697,0.5918510297695174,../results/experiments/experiment_102_e_visual_diversity_gridsearch/Maze/DirectGA/2021-10-02_07-26-46/10/50/1/True/True/1/seed_1_name_experiment_102_e_visual_diversity_gridsearch_2021-10-02_11-01-56.p|../results/experiments/experiment_102_e_visual_diversity_gridsearch/Maze/DirectGA/2021-10-02_07-26-46/10/50/1/True/True/3/seed_3_name_experiment_102_e_visual_diversity_gridsearch_2021-10-02_10-56-02.p|../results/experiments/experiment_102_e_visual_diversity_gridsearch/Maze/DirectGA/2021-10-02_07-26-46/10/50/1/True/True/0/seed_0_name_experiment_102_e_visual_diversity_gridsearch_2021-10-02_11-15-52.p|../results/experiments/experiment_102_e_visual_diversity_gridsearch/Maze/DirectGA/2021-10-02_07-26-46/10/50/1/True/True/2/seed_2_name_experiment_102_e_visual_diversity_gridsearch_2021-10-02_10-34-48.p|../results/experiments/experiment_102_e_visual_diversity_gridsearch/Maze/DirectGA/2021-10-02_07-26-46/10/50/1/True/True/4/seed_4_name_experiment_102_e_visual_diversity_gridsearch_2021-10-02_11-02-33.p
experiment_102_e_visual_diversity_gridsearch-Maze-DirectGA-52904c49dc101283fab1f1e3059b7042,0.494599399897389,0.20557269088819136,0.3221729033019537,0.526,0.4929851576994434,0.31725788497217067,0.2545803751803752,0.6063838383838384,1.3066030794987455,../results/experiments/experiment_102_e_visual_diversity_gridsearch/Maze/DirectGA/2021-10-02_07-26-46/10/100/1/True/True/1/seed_1_name_experiment_102_e_visual_diversity_gridsearch_2021-10-02_10-28-31.p|../results/experiments/experiment_102_e_visual_diversity_gridsearch/Maze/DirectGA/2021-10-02_07-26-46/10/100/1/True/True/3/seed_3_name_experiment_102_e_visual_diversity_gridsearch_2021-10-02_13-46-56.p|../results/experiments/experiment_102_e_visual_diversity_gridsearch/Maze/DirectGA/2021-10-02_07-26-46/10/100/1/True/True/0/seed_0_name_experiment_102_e_visual_diversity_gridsearch_2021-10-02_10-11-04.p|../results/experiments/experiment_102_e_visual_diversity_gridsearch/Maze/DirectGA/2021-10-02_07-26-46/10/100/1/True/True/2/seed_2_name_experiment_102_e_visual_diversity_gridsearch_2021-10-02_12-58-44.p|../results/experiments/experiment_102_e_visual_diversity_gridsearch/Maze/DirectGA/2021-10-02_07-26-46/10/100/1/True/True/4/seed_4_name_experiment_102_e_visual_diversity_gridsearch_2021-10-02_13-30-17.p
experiment_102_e_visual_diversity_gridsearch-Maze-DirectGA-4a296ca3424f499e7f5ce02b8db734b5,0.4954901848776858,0.10607861737244648,0.0757768668838795,0.128,0.4835877138734281,0.14887177901463616,0.16574131794131794,0.9061010101010101,0.11458194219134747,../results/experiments/experiment_102_e_visual_diversity_gridsearch/Maze/DirectGA/2021-10-02_07-26-46/10/10/1/True/True/1/seed_1_name_experiment_102_e_visual_diversity_gridsearch_2021-10-02_13-00-30.p|../results/experiments/experiment_102_e_visual_diversity_gridsearch/Maze/DirectGA/2021-10-02_07-26-46/10/10/1/True/True/3/seed_3_name_experiment_102_e_visual_diversity_gridsearch_2021-10-02_13-00-57.p|../results/experiments/experiment_102_e_visual_diversity_gridsearch/Maze/DirectGA/2021-10-02_07-26-46/10/10/1/True/True/0/seed_0_name_experiment_102_e_visual_diversity_gridsearch_2021-10-02_12-52-51.p|../results/experiments/experiment_102_e_visual_diversity_gridsearch/Maze/DirectGA/2021-10-02_07-26-46/10/10/1/True/True/2/seed_2_name_experiment_102_e_visual_diversity_gridsearch_2021-10-02_11-45-48.p|../results/experiments/experiment_102_e_visual_diversity_gridsearch/Maze/DirectGA/2021-10-02_07-26-46/10/10/1/True/True/4/seed_4_name_experiment_102_e_visual_diversity_gridsearch_2021-10-02_12-59-23.p
